City_ID,City,Country,Date,Lat,Lng,Max Temp,Humidity,Cloudiness,Wind Speed
0,Severo-Yeniseyskiy,RU,2022-05-21 16:22:41,60.3725,93.0408,41.79,85,97,8.39
1,San Cristobal,VE,2022-05-21 16:22:41,7.7669,-72.225,73.58,40,15,10.16
2,Namibe,AO,2022-05-21 16:22:41,-15.1961,12.1522,77.63,47,0,13.8
3,Wajima,JP,2022-05-21 16:22:41,37.4,136.9,61.7,79,95,9.57
4,Kahului,US,2022-05-21 16:20:59,20.8947,-156.47,76.84,83,0,0.0
5,Ushuaia,AR,2022-05-21 16:22:42,-54.8,-68.3,42.46,70,75,16.11
6,Port Alfred,ZA,2022-05-21 16:22:42,-33.5906,26.891,59.18,88,78,1.99
7,Yar-Sale,RU,2022-05-21 16:22:42,66.8333,70.8333,32.29,79,68,15.88
8,Kapaa,US,2022-05-21 16:22:42,22.0752,-159.319,75.18,99,100,3.44
9,Guayaramerin,BO,2022-05-21 16:22:43,-10.8368,-65.3614,84.25,48,0,5.75
10,Mutis,CO,2022-05-21 16:22:43,6.2262,-77.4044,82.72,71,100,3.67
11,Talcahuano,CL,2022-05-21 16:18:13,-36.7167,-73.1167,56.88,72,0,4.61
12,Lodingen,NO,2022-05-21 16:22:43,68.414,15.9951,53.74,82,86,2.21
13,Tasiilaq,GL,2022-05-21 16:22:43,65.6145,-37.6368,41.16,71,26,1.36
14,Iqaluit,CA,2022-05-21 16:22:44,63.7506,-68.5145,31.73,100,100,17.0
15,Hobart,AU,2022-05-21 16:22:44,-42.8794,147.3294,42.66,92,100,8.05
16,Saint-Philippe,RE,2022-05-21 16:22:44,-21.3585,55.7679,74.79,82,46,12.91
17,Bluff,NZ,2022-05-21 16:22:44,-46.6,168.3333,50.27,87,100,29.35
18,Muros,ES,2022-05-21 16:22:45,42.7762,-9.0603,76.15,69,100,6.2
19,Dongsheng,CN,2022-05-21 16:22:45,39.8161,109.9776,66.2,35,100,7.2
20,Atuona,PF,2022-05-21 16:22:45,-9.8,-139.0333,77.14,76,22,9.98
21,Mataura,NZ,2022-05-21 16:22:45,-46.1927,168.8643,43.63,97,100,8.95
22,Bredasdorp,ZA,2022-05-21 16:22:46,-34.5322,20.0403,57.42,72,66,7.49
23,Zharkent,KZ,2022-05-21 16:22:46,44.1628,80.0,71.58,51,100,14.16
24,Kungurtug,RU,2022-05-21 16:22:46,50.5994,97.5228,49.75,57,16,2.01
25,Port Augusta,AU,2022-05-21 16:22:46,-32.5,137.7667,53.42,82,0,2.95
26,Kabompo,ZM,2022-05-21 16:22:47,-13.5927,24.2008,68.99,53,19,4.45
27,Puerto Ayora,EC,2022-05-21 16:22:47,-0.7393,-90.3518,75.16,88,72,7.0
28,Bitkine,TD,2022-05-21 16:22:47,11.9801,18.2138,101.68,10,90,3.0
29,Avarua,CK,2022-05-21 16:22:47,-21.2078,-159.775,73.45,83,40,3.44
30,Atlantis,ZA,2022-05-21 16:22:48,-33.5667,18.4834,60.35,83,32,7.14
31,Carnarvon,AU,2022-05-21 16:22:48,-24.8667,113.6333,71.74,61,50,4.07
32,Rikitea,PF,2022-05-21 16:22:48,-23.1203,-134.9692,74.71,74,11,6.33
33,Tigil,RU,2022-05-21 16:22:48,57.8,158.6667,41.16,90,100,5.55
34,Barcelos,PT,2022-05-21 16:21:54,41.5388,-8.6151,75.85,54,100,5.53
35,Topeka,US,2022-05-21 16:20:08,39.0483,-95.678,55.18,62,20,20.71
36,Chokurdakh,RU,2022-05-21 16:22:49,70.6333,147.9167,32.27,98,100,2.17
37,Madimba,TZ,2022-05-21 16:22:49,-10.4,40.3333,76.1,76,50,9.22
38,Busselton,AU,2022-05-21 16:22:49,-33.65,115.3333,60.78,71,4,9.35
39,Amapa,BR,2022-05-21 16:22:49,1.0,-52.0,76.59,85,99,1.7
40,New Norfolk,AU,2022-05-21 16:22:50,-42.7826,147.0587,42.3,86,5,2.59
41,Guerrero Negro,MX,2022-05-21 16:22:50,27.9769,-114.0611,65.52,64,64,5.86
42,Tiksi,RU,2022-05-21 16:22:50,71.6872,128.8694,29.19,90,96,3.89
43,Yellowknife,CA,2022-05-21 16:22:50,62.456,-114.3525,52.32,43,75,4.61
44,Sao Manuel,BR,2022-05-21 16:22:51,-22.7311,-48.5706,68.02,35,13,5.37
45,Jamestown,US,2022-05-21 16:20:26,42.097,-79.2353,82.02,67,100,11.5
46,Nikolskoye,RU,2022-05-21 16:23:51,59.7035,30.7861,53.49,43,10,11.32
47,Bouar,CF,2022-05-21 16:23:51,5.934,15.596,79.95,56,83,2.19
48,Port Elizabeth,ZA,2022-05-21 16:23:51,-33.918,25.5701,60.31,81,20,4.61
49,Butaritari,KI,2022-05-21 16:23:52,3.0707,172.7902,80.42,80,50,10.85
50,Bambous Virieux,MU,2022-05-21 16:23:52,-20.3428,57.7575,75.45,78,40,11.5
51,Saint George,US,2022-05-21 16:20:51,37.1041,-113.5841,66.63,17,0,4.61
52,Bondo,CD,2022-05-21 16:23:52,3.8146,23.6866,69.94,97,100,0.4
53,Nome,US,2022-05-21 16:23:52,64.5011,-165.4064,59.07,33,40,11.5
54,Saskylakh,RU,2022-05-21 16:23:53,71.9167,114.0833,27.73,98,100,6.49
55,Thompson,CA,2022-05-21 16:21:36,55.7435,-97.8558,42.96,31,20,13.8
56,Pangnirtung,CA,2022-05-21 16:23:53,66.1451,-65.7125,33.8,75,75,3.44
57,Bethel,US,2022-05-21 16:23:53,41.3712,-73.414,85.87,73,0,4.61
58,San Patricio,US,2022-05-21 16:23:53,28.017,-97.5169,93.29,41,9,20.2
59,Saint Anthony,US,2022-05-21 16:23:54,45.0205,-93.218,53.65,54,75,11.5
60,Calbuco,CL,2022-05-21 16:23:54,-41.768,-73.1273,54.61,93,100,21.63
61,Hermanus,ZA,2022-05-21 16:23:54,-34.4187,19.2345,56.8,73,35,8.37
62,Salalah,OM,2022-05-21 16:23:55,17.0151,54.0924,86.09,74,75,11.5
63,Hilo,US,2022-05-21 16:23:55,19.7297,-155.09,82.27,86,100,4.61
64,Albany,US,2022-05-21 16:23:55,42.6001,-73.9662,86.18,71,64,4.07
65,Pisco,PE,2022-05-21 16:23:55,-13.7,-76.2167,66.25,82,40,9.22
66,Punta Arenas,CL,2022-05-21 16:23:10,-53.15,-70.9167,41.11,81,0,14.97
67,Vostok,RU,2022-05-21 16:23:56,46.4856,135.8833,49.75,98,100,1.95
68,Bathsheba,BB,2022-05-21 16:23:56,13.2167,-59.5167,88.41,62,40,20.71
69,Bagdarin,RU,2022-05-21 16:23:56,54.4333,113.6,52.3,82,100,4.61
70,Lompoc,US,2022-05-21 16:23:56,34.6391,-120.4579,67.01,67,0,1.99
71,Ribeira Grande,PT,2022-05-21 16:23:57,38.5167,-28.7,64.8,100,100,8.05
72,Victoria,HK,2022-05-21 16:21:21,22.2855,114.1577,81.18,81,82,13.0
73,Pasighat,IN,2022-05-21 16:23:57,28.0667,95.3333,73.54,93,98,3.83
74,Matara,LK,2022-05-21 16:23:57,5.9485,80.5353,79.12,89,95,8.88
75,Comodoro Rivadavia,AR,2022-05-21 16:23:57,-45.8667,-67.5,55.26,41,0,10.36
76,Cape Town,ZA,2022-05-21 16:23:58,-33.9258,18.4232,62.28,71,20,6.91
77,Teguise,ES,2022-05-21 16:23:58,29.0605,-13.564,71.82,57,20,21.85
78,Cockburn Town,TC,2022-05-21 16:19:33,21.4612,-71.1419,79.99,83,82,18.23
79,Paamiut,GL,2022-05-21 16:23:58,61.994,-49.6678,36.63,77,64,10.2
80,Ponta Do Sol,PT,2022-05-21 16:23:58,32.6667,-17.1,74.03,75,74,1.7
81,Rundu,NA,2022-05-21 16:23:59,-17.9333,19.7667,62.17,17,1,3.96
82,Faya,SA,2022-05-21 16:23:59,18.3851,42.4509,80.71,26,62,4.41
83,Yumen,CN,2022-05-21 16:23:59,40.2833,97.2,68.38,29,1,21.83
84,Aklavik,CA,2022-05-21 16:23:59,68.2191,-135.0107,33.8,86,100,6.91
85,Mao,ES,2022-05-21 16:19:28,39.8885,4.2658,77.56,57,0,6.91
86,Ilulissat,GL,2022-05-21 16:24:00,69.2167,-51.1,33.82,80,75,0.0
87,Bengkulu,ID,2022-05-21 16:24:00,-3.8004,102.2655,77.74,85,99,2.3
88,Qandala,SO,2022-05-21 16:24:00,11.472,49.8728,88.11,48,100,0.54
89,Oussouye,SN,2022-05-21 16:24:00,12.485,-16.5469,93.38,44,100,12.35
90,Pevek,RU,2022-05-21 16:25:01,69.7008,170.3133,29.91,88,100,5.61
91,Birjand,IR,2022-05-21 16:25:01,32.8663,59.2211,84.67,6,20,11.5
92,Mahibadhoo,MV,2022-05-21 16:25:01,3.7833,72.9667,83.59,76,48,11.74
93,East London,ZA,2022-05-21 16:25:01,-33.0153,27.9116,58.14,94,0,4.61
94,Viedma,AR,2022-05-21 16:25:02,-40.8135,-62.9967,62.02,37,71,11.03
95,Inhambane,MZ,2022-05-21 16:25:02,-23.865,35.3833,69.78,100,75,13.8
96,Norman Wells,CA,2022-05-21 16:25:02,65.282,-126.8329,42.84,93,100,16.11
97,Buala,SB,2022-05-21 16:25:03,-8.145,159.5921,79.29,81,81,3.65
98,Kaitangata,NZ,2022-05-21 16:25:03,-46.2817,169.8464,44.89,92,99,12.88
99,Port Macquarie,AU,2022-05-21 16:25:03,-31.4333,152.9167,58.89,94,75,5.75
100,Turayf,SA,2022-05-21 16:21:45,31.6725,38.6637,86.25,20,0,20.71
101,Wundanyi,KE,2022-05-21 16:25:03,-3.4019,38.364,67.14,63,100,9.84
102,Debre Tabor,ET,2022-05-21 16:25:05,11.85,38.0167,70.16,26,100,7.92
103,Grootfontein,NA,2022-05-21 16:25:05,-19.5667,18.1167,60.37,17,0,4.61
104,Airai,TL,2022-05-21 16:25:05,-8.9266,125.4092,58.68,89,26,3.91
105,Port Hardy,CA,2022-05-21 16:20:56,50.6996,-127.4199,46.58,93,100,6.91
106,Codrington,AU,2022-05-21 16:25:06,-38.2667,141.9667,45.14,92,7,6.87
107,Strezhevoy,RU,2022-05-21 16:25:06,60.7333,77.5889,46.06,77,58,6.64
108,Narsaq,GL,2022-05-21 16:25:06,60.9167,-46.05,50.22,54,17,7.72
109,Stromness,GB,2022-05-21 16:25:07,58.965,-3.296,53.56,81,89,7.0
110,Kallaste,EE,2022-05-21 16:25:07,58.655,27.1592,61.03,55,94,12.28
111,Cabo San Lucas,MX,2022-05-21 16:25:07,22.8909,-109.9124,83.61,60,0,5.75
112,Bozdar,PK,2022-05-21 16:25:07,27.1828,68.636,102.24,3,0,8.59
113,Lebu,CL,2022-05-21 16:25:08,-37.6167,-73.65,55.35,79,80,7.52
114,Georgetown,MY,2022-05-21 16:25:08,5.4112,100.3354,82.35,88,20,4.61
115,Pasaje,EC,2022-05-21 16:25:08,-3.3333,-79.8167,85.46,64,73,5.44
116,Arraial Do Cabo,BR,2022-05-21 16:25:08,-22.9661,-42.0278,75.06,64,40,9.22
117,Cabedelo,BR,2022-05-21 16:25:08,-6.9811,-34.8339,86.67,73,31,12.95
118,Bilma,NE,2022-05-21 16:25:09,18.6853,12.9164,101.1,8,37,4.61
119,Kuytun,RU,2022-05-21 16:25:09,54.3419,101.5036,55.2,68,100,3.76
120,Qaanaaq,GL,2022-05-21 16:25:09,77.484,-69.3632,19.04,87,100,3.85
121,Ihosy,MG,2022-05-21 16:25:09,-22.4,46.1167,63.34,80,37,5.53
122,Clyde River,CA,2022-05-21 16:25:10,70.4692,-68.5914,23.23,86,100,8.05
123,Sao Joao Da Barra,BR,2022-05-21 16:25:10,-21.6403,-41.0511,78.89,53,1,4.47
124,Lavrentiya,RU,2022-05-21 16:25:10,65.5833,-171.0,34.59,82,98,7.31
125,Chifeng,CN,2022-05-21 16:25:11,42.2683,118.9636,67.84,24,6,5.12
126,Vila,PT,2022-05-21 16:25:11,42.0304,-8.1588,72.7,47,100,4.97
127,Mahebourg,MU,2022-05-21 16:25:11,-20.4081,57.7,75.49,78,40,11.5
128,Nuuk,GL,2022-05-21 16:25:11,64.1835,-51.7216,38.01,93,75,3.44
129,Registro,BR,2022-05-21 16:25:12,-24.4875,-47.8436,75.15,38,0,0.87
130,Castro,BR,2022-05-21 16:25:12,-24.7911,-50.0119,63.54,39,3,2.35
131,Mareeba,AU,2022-05-21 16:25:12,-17.0,145.4333,70.52,90,0,2.55
132,Mantua,IT,2022-05-21 16:25:12,45.1667,10.7833,89.1,51,39,3.0
133,Vilhena,BR,2022-05-21 16:25:13,-12.7406,-60.1458,80.82,36,0,6.91
134,Constitucion,CL,2022-05-21 16:25:13,-35.3333,-72.4167,58.89,53,43,6.78
135,Chara,RU,2022-05-21 16:25:13,56.9064,118.2631,47.93,65,100,1.1
136,Imeni Poliny Osipenko,RU,2022-05-21 16:25:13,52.4201,136.4853,38.08,92,100,13.82
137,Haines Junction,CA,2022-05-21 16:26:14,60.7522,-137.5108,46.04,54,6,2.01
138,Genhe,CN,2022-05-21 16:26:14,50.7833,121.5167,42.76,76,54,1.39
139,Chekhov,RU,2022-05-21 16:26:14,55.1431,37.4711,57.15,61,97,6.06
140,Zhanakorgan,KZ,2022-05-21 16:26:14,43.9098,67.2495,62.74,66,75,23.64
141,Kodiak,US,2022-05-21 16:26:15,57.79,-152.4072,45.91,81,100,21.85
142,Dikson,RU,2022-05-21 16:26:15,73.5069,80.5464,27.9,92,100,8.95
143,Arlit,NE,2022-05-21 16:26:15,18.7369,7.3853,99.19,13,41,22.53
144,Konstancin-Jeziorna,PL,2022-05-21 16:26:15,52.0938,21.1176,64.15,64,20,20.71
145,Temerloh,MY,2022-05-21 16:26:16,3.4483,102.4176,76.75,92,52,0.85
146,Vaini,TO,2022-05-21 16:26:16,-21.2,-175.2,71.76,94,40,3.44
147,Honningsvag,NO,2022-05-21 16:26:16,70.9821,25.9704,44.35,76,100,14.97
148,Evans,US,2022-05-21 16:23:16,33.5337,-82.1307,89.26,56,20,4.61
149,Mar Del Plata,AR,2022-05-21 16:26:17,-38.0023,-57.5575,65.95,53,0,6.91
150,Billings,US,2022-05-21 16:23:02,45.7833,-108.5007,47.28,49,75,6.91
151,Kargasok,RU,2022-05-21 16:26:17,59.0556,80.8572,48.58,79,100,2.42
152,Srednekolymsk,RU,2022-05-21 16:26:17,67.45,153.6833,49.6,52,89,4.36
153,Vila Franca Do Campo,PT,2022-05-21 16:26:17,37.7167,-25.4333,66.61,94,99,5.91
154,Bubaque,GW,2022-05-21 16:26:18,11.2833,-15.8333,78.82,78,87,13.38
155,Dudinka,RU,2022-05-21 16:26:18,69.4058,86.1778,43.63,99,100,5.55
156,Provideniya,RU,2022-05-21 16:26:18,64.3833,-173.3,41.85,67,83,12.03
157,Bandarbeyla,SO,2022-05-21 16:26:18,9.4942,50.8122,80.89,82,91,25.05
158,Alofi,NU,2022-05-21 16:26:19,-19.0595,-169.9187,66.09,100,71,1.14
159,Port Moresby,PG,2022-05-21 16:25:20,-9.4431,147.1797,76.42,94,40,2.3
160,Cherskiy,RU,2022-05-21 16:26:19,68.75,161.3,47.8,63,94,10.13
161,La Palma,US,2022-05-21 16:26:19,33.8464,-118.0467,68.18,70,75,6.91
162,Anadyr,RU,2022-05-21 16:26:20,64.75,177.4833,30.7,92,96,6.71
163,Talnakh,RU,2022-05-21 16:26:20,69.4865,88.3972,43.21,100,100,4.56
164,Praia Da Vitoria,PT,2022-05-21 16:26:20,38.7333,-27.0667,70.05,83,75,0.89
165,Sitka,US,2022-05-21 16:26:20,57.0531,-135.33,51.69,66,0,4.61
166,Nanortalik,GL,2022-05-21 16:26:21,60.1432,-45.2371,39.88,80,16,7.11
167,Kajaani,FI,2022-05-21 16:26:21,64.2273,27.7285,57.25,33,0,5.75
168,Katsuura,JP,2022-05-21 16:26:21,35.1333,140.3,60.82,93,100,9.71
169,Sabha,LY,2022-05-21 16:26:21,27.0377,14.4283,83.77,5,0,10.74
170,Singapore,SG,2022-05-21 16:24:16,1.2897,103.8501,82.44,88,75,2.3
171,Okhotsk,RU,2022-05-21 16:26:22,59.3833,143.3,33.82,99,100,3.67
172,Souillac,MU,2022-05-21 16:26:22,-20.5167,57.5167,75.58,78,40,11.5
173,Darhan,MN,2022-05-21 16:26:22,49.4867,105.9228,57.69,72,99,11.88
174,Puerto Escondido,MX,2022-05-21 16:21:31,15.85,-97.0667,86.83,79,0,8.05
175,Barrow,US,2022-05-21 16:26:22,71.2906,-156.7887,21.22,93,100,10.36
176,Grindavik,IS,2022-05-21 16:26:23,63.8424,-22.4338,55.35,66,20,25.32
177,Mancora,PE,2022-05-21 16:26:23,-4.1078,-81.0475,77.36,72,45,7.96
178,Langres,FR,2022-05-21 16:26:23,47.8333,5.3333,67.68,64,61,4.65
179,Semey,KZ,2022-05-21 16:26:23,50.4111,80.2275,72.0,37,100,9.55
180,Taybad,IR,2022-05-21 16:26:24,34.74,60.7756,62.78,53,0,26.71
181,Ponta Delgada,PT,2022-05-21 16:26:24,37.7333,-25.6667,66.92,94,75,10.36
182,Acapulco,MX,2022-05-21 16:26:06,16.8634,-99.8901,82.22,65,40,4.61
183,Lorengau,PG,2022-05-21 16:26:24,-2.0226,147.2712,80.98,82,100,7.61
184,Dalmatovo,RU,2022-05-21 16:26:25,56.26,62.9362,44.51,88,100,11.1
185,Auburn,US,2022-05-21 16:26:25,47.3073,-122.2284,59.23,75,20,4.61
186,Hofn,IS,2022-05-21 16:27:25,64.2539,-15.2082,49.78,82,96,10.4
187,Kaohsiung,TW,2022-05-21 16:26:57,22.6163,120.3133,80.04,85,75,3.44
188,Brae,GB,2022-05-21 16:27:25,60.3964,-1.353,53.17,72,60,15.55
189,Sechura,PE,2022-05-21 16:27:26,-5.5569,-80.8222,74.89,62,7,8.08
190,Torbay,CA,2022-05-21 16:27:26,47.6666,-52.7314,63.37,31,20,5.75
191,Klaksvik,FO,2022-05-21 16:27:26,62.2266,-6.589,50.92,87,95,15.77
192,Saldanha,ZA,2022-05-21 16:27:26,-33.0117,17.9442,59.05,74,16,10.76
193,Ketchikan,US,2022-05-21 16:27:27,55.3422,-131.6461,52.27,71,0,6.91
194,Sindal,DK,2022-05-21 16:27:27,57.4712,10.2031,56.93,70,93,11.79
195,Leningradskiy,RU,2022-05-21 16:27:27,69.3833,178.4167,30.22,98,97,9.15
196,Yulara,AU,2022-05-21 16:27:27,-25.2406,130.9889,54.34,49,8,9.4
197,Weligama,LK,2022-05-21 16:27:28,5.9667,80.4167,79.3,89,96,8.57
198,Berlevag,NO,2022-05-21 16:27:29,70.8578,29.0864,41.0,87,100,11.5
199,Dzheyrakh,RU,2022-05-21 16:27:29,42.8228,44.6756,58.39,85,50,6.69
200,Goderich,CA,2022-05-21 16:27:29,43.7501,-81.7165,55.72,88,100,4.61
201,Saint-Georges,GD,2022-05-21 16:23:00,12.0564,-61.7485,87.48,62,40,20.71
202,Buraydah,SA,2022-05-21 16:27:29,26.326,43.975,99.05,9,0,10.04
203,Fort-Shevchenko,KZ,2022-05-21 16:27:30,44.5086,50.263,58.33,82,100,6.46
204,Keskin,TR,2022-05-21 16:27:30,39.6731,33.6136,65.19,40,0,4.85
205,Dingle,PH,2022-05-21 16:27:30,10.9995,122.6711,78.33,85,72,3.02
206,Bex,CH,2022-05-21 16:27:30,46.2521,7.0114,84.9,49,88,3.0
207,Ahipara,NZ,2022-05-21 16:27:31,-35.1667,173.1667,59.56,77,74,12.1
208,Vitim,RU,2022-05-21 16:27:31,59.4511,112.5578,49.08,81,100,3.83
209,Broome,US,2022-05-21 16:27:31,42.2506,-75.833,87.67,59,0,8.05
210,Evensk,RU,2022-05-21 16:27:31,61.95,159.2333,37.89,96,100,5.19
211,Hasaki,JP,2022-05-21 16:27:32,35.7333,140.8333,59.4,88,100,8.84
212,Archidona,ES,2022-05-21 16:27:32,37.0965,-4.3887,88.41,24,98,10.02
213,San Rafael,AR,2022-05-21 16:27:32,-34.6177,-68.3301,62.69,22,30,5.97
214,Vardo,NO,2022-05-21 16:27:32,70.3705,31.1107,39.18,81,100,23.02
215,Tuatapere,NZ,2022-05-21 16:27:33,-46.1333,167.6833,46.78,92,100,13.76
216,Erzin,TR,2022-05-21 16:27:33,36.9559,36.2,76.55,37,50,1.61
217,Tocache,PE,2022-05-21 16:27:33,-8.1842,-76.5125,83.35,57,30,0.94
218,Rincon,US,2022-05-21 16:27:33,32.296,-81.2354,88.86,62,75,8.05
219,Floro,NO,2022-05-21 16:27:34,61.5996,5.0328,57.24,71,75,6.91
220,Yanggu,CN,2022-05-21 16:27:34,36.1106,115.7753,75.51,31,37,12.57
221,Manzhouli,CN,2022-05-21 16:27:34,49.6,117.4333,59.05,26,49,6.38
222,Kieta,PG,2022-05-21 16:27:34,-6.2167,155.6333,78.42,84,38,1.5
223,Soyo,AO,2022-05-21 16:27:35,-6.1349,12.3689,78.4,71,45,10.27
224,El Tocuyo,VE,2022-05-21 16:27:35,9.7873,-69.7937,89.91,29,2,10.25
225,Severo-Kurilsk,RU,2022-05-21 16:27:32,50.6789,156.125,41.25,98,100,2.19
226,Iwanai,JP,2022-05-21 16:27:35,42.9744,140.5089,54.37,77,46,6.96
227,Barra Patuca,HN,2022-05-21 16:27:35,15.8,-84.2833,81.43,85,100,13.82
228,Warri,NG,2022-05-21 16:27:36,5.5167,5.75,80.22,83,100,5.12
229,Ust-Kuyga,RU,2022-05-21 16:27:36,70.0167,135.6,32.54,79,100,2.26
230,Abu Zabad,SD,2022-05-21 16:27:36,12.35,29.25,98.44,19,100,7.72
231,Khatanga,RU,2022-05-21 16:27:36,71.9667,102.5,37.42,94,100,7.72
232,Mazsalaca,LV,2022-05-21 16:28:37,57.8633,25.0547,47.16,88,100,8.19
233,Broken Hill,AU,2022-05-21 16:28:37,-31.95,141.4333,54.23,93,100,11.97
234,Gat,IL,2022-05-21 16:28:04,31.61,34.7642,80.4,35,100,9.01
235,Axim,GH,2022-05-21 16:28:37,4.8699,-2.2405,77.56,89,100,10.85
236,Touros,BR,2022-05-21 16:28:37,-5.1989,-35.4608,85.84,62,41,13.49
237,Nishihara,JP,2022-05-21 16:28:38,26.1842,127.7558,72.68,83,75,5.75
238,Hamilton,US,2022-05-21 16:25:30,39.1834,-84.5333,85.6,70,0,14.97
239,Zaltan,LY,2022-05-21 16:28:38,32.947,11.8665,73.51,35,0,11.61
240,Awjilah,LY,2022-05-21 16:28:38,29.1081,21.2869,77.86,23,0,20.33
241,Teykovo,RU,2022-05-21 16:28:38,56.858,40.5369,47.16,54,76,4.23
242,Pizhma,RU,2022-05-21 16:28:39,57.8642,47.1171,37.89,85,100,6.4
243,The Valley,AI,2022-05-21 16:26:21,18.217,-63.0578,87.66,65,20,12.66
244,Tselinnoye,RU,2022-05-21 16:28:39,53.0833,85.6667,62.46,55,1,8.25
245,Batavia,US,2022-05-21 16:28:39,41.85,-88.3126,60.76,83,100,11.5
246,Trybukhivtsi,UA,2022-05-21 16:28:39,49.0436,25.4581,63.75,60,29,21.85
247,Hualmay,PE,2022-05-21 16:28:40,-11.0964,-77.6139,69.08,75,37,8.61
248,Kruisfontein,ZA,2022-05-21 16:28:40,-34.0033,24.7314,56.88,82,23,4.23
249,Bauchi,NG,2022-05-21 16:28:40,10.5,10.0,97.77,21,52,8.72
250,Ballitoville,ZA,2022-05-21 16:28:40,-29.539,31.2144,61.16,94,100,19.57
251,Tiznit,MA,2022-05-21 16:28:41,29.5833,-9.5,78.44,43,33,10.67
252,Saint John,CA,2022-05-21 16:26:16,45.2727,-66.0677,58.23,77,100,9.22
253,Saint-Augustin,CA,2022-05-21 16:28:41,51.226,-58.6502,50.99,53,100,16.6
254,Coquimbo,CL,2022-05-21 16:28:41,-29.9533,-71.3436,56.93,94,75,13.8
255,Salisbury,GB,2022-05-21 16:26:19,51.0693,-1.7957,65.8,51,20,6.91
256,Bairnsdale,AU,2022-05-21 16:28:42,-37.8333,147.6167,44.73,94,2,3.47
257,Chateau-Gontier,FR,2022-05-21 16:28:42,47.8333,-0.7,78.96,47,10,4.52
258,Mendi,PG,2022-05-21 16:28:42,-6.1761,143.6513,55.2,98,90,2.19
259,Bilibino,RU,2022-05-21 16:28:42,68.0546,166.4372,37.92,86,100,1.88
260,Geraldton,AU,2022-05-21 16:28:43,-28.7667,114.6,57.61,88,40,9.22
261,Fuling,CN,2022-05-21 16:28:43,29.7022,107.3919,66.38,90,100,1.95
262,Luderitz,NA,2022-05-21 16:28:43,-26.6481,15.1594,61.56,54,21,25.66
263,Sao Filipe,CV,2022-05-21 16:28:43,14.8961,-24.4956,72.95,78,71,12.17
264,Kemijarvi,FI,2022-05-21 16:28:44,66.7131,27.4306,48.22,89,100,3.49
265,Mubi,NG,2022-05-21 16:28:44,10.2676,13.2644,94.87,28,82,8.75
266,Fortuna,US,2022-05-21 16:28:44,40.5982,-124.1573,54.93,85,75,5.75
267,Caravelas,BR,2022-05-21 16:28:44,-17.7125,-39.2481,77.58,54,1,8.34
268,Kichera,RU,2022-05-21 16:28:45,55.9375,110.0997,46.85,98,100,3.94
269,Port Lincoln,AU,2022-05-21 16:28:45,-34.7333,135.8667,58.78,82,0,13.78
270,Tabora,TZ,2022-05-21 16:28:45,-5.0167,32.8,74.23,43,100,4.23
271,Baruun-Urt,MN,2022-05-21 16:28:45,46.6806,113.2792,62.08,22,6,8.48
272,Gizo,SB,2022-05-21 16:28:46,-8.103,156.8419,81.86,75,13,6.46
273,Hobyo,SO,2022-05-21 16:28:46,5.3505,48.5268,81.36,76,76,26.46
274,Taozhuang,CN,2022-05-21 16:28:46,34.85,117.3333,71.31,40,100,4.18
275,Selvazzano Dentro,IT,2022-05-21 16:28:46,45.3914,11.8005,86.32,47,78,1.99
276,Alyangula,AU,2022-05-21 16:28:47,-13.8483,136.4192,77.61,76,0,10.04
277,Cidreira,BR,2022-05-21 16:28:47,-30.1811,-50.2056,63.23,55,0,5.21
278,Gorin,RU,2022-05-21 16:28:47,51.1983,136.6669,40.51,96,100,9.17
279,Ardmore,US,2022-05-21 16:29:47,34.1743,-97.1436,62.38,87,100,12.66
280,Ishioka,JP,2022-05-21 16:29:00,36.1833,140.2667,59.43,100,75,3.44
281,Ajdabiya,LY,2022-05-21 16:29:48,30.7554,20.2263,69.71,55,0,18.07
282,Hithadhoo,MV,2022-05-21 16:27:24,-0.6,73.0833,83.79,68,92,8.41
283,Saint-Joseph,RE,2022-05-21 16:29:48,-21.3667,55.6167,73.78,81,48,12.39
284,Waipawa,NZ,2022-05-21 16:29:48,-41.4122,175.5153,47.12,85,99,4.68
285,Kavaratti,IN,2022-05-21 16:29:48,10.5669,72.642,83.32,79,100,17.31
286,Vinh Long,VN,2022-05-21 16:29:49,10.25,105.9667,76.98,86,96,5.79
287,Taoudenni,ML,2022-05-21 16:29:49,22.6783,-3.9836,109.6,4,1,16.31
288,Lasa,IT,2022-05-21 16:29:49,46.6166,10.7002,80.69,36,58,6.15
289,Labuhan,ID,2022-05-21 16:29:49,-6.8844,112.2051,79.63,81,97,6.29
290,Arbagar,RU,2022-05-21 16:29:50,51.9438,116.2805,58.55,34,73,4.56
291,Kouango,CF,2022-05-21 16:29:50,4.9934,19.9619,81.34,70,100,3.6
292,Umm Lajj,SA,2022-05-21 16:29:50,25.0213,37.2685,84.72,54,0,6.71
293,Coripata,BO,2022-05-21 16:29:50,-16.3,-67.6,75.42,41,77,4.61
294,Upernavik,GL,2022-05-21 16:29:51,72.7868,-56.1549,27.34,81,100,11.56
295,Aguie,NE,2022-05-21 16:29:51,13.506,7.7786,103.3,10,100,11.27
296,Roald,NO,2022-05-21 16:29:51,62.5833,6.1333,54.91,82,75,4.61
297,Half Moon Bay,US,2022-05-21 16:29:51,37.4636,-122.4286,72.91,66,0,8.05
298,Makakilo City,US,2022-05-21 16:29:52,21.3469,-158.0858,73.98,87,100,3.44
299,Esperance,AU,2022-05-21 16:29:50,-33.8667,121.9,63.84,66,82,12.21
300,Tongchuan,CN,2022-05-21 16:29:52,35.0806,109.0897,66.9,60,100,1.39
301,Le Passage,FR,2022-05-21 16:29:52,44.2014,0.6028,91.74,45,0,5.75
302,Pelym,RU,2022-05-21 16:29:52,61.0108,61.9978,38.61,87,100,8.75
303,Tuktoyaktuk,CA,2022-05-21 16:29:53,69.4541,-133.0374,28.4,80,100,6.91
304,Opuwo,NA,2022-05-21 16:29:53,-18.0607,13.84,72.91,11,0,5.84
305,Ola,RU,2022-05-21 16:29:53,59.5833,151.2833,37.15,93,100,4.16
306,Portland,US,2022-05-21 16:26:49,45.5234,-122.6762,58.15,74,20,5.01
307,Los Llanos De Aridane,ES,2022-05-21 16:29:53,28.6585,-17.9182,69.55,81,75,14.97
308,Dawson Creek,CA,2022-05-21 16:29:54,55.7666,-120.2362,47.84,43,0,0.0
309,Seoul,KR,2022-05-21 16:27:04,37.5683,126.9778,61.99,85,75,5.75
310,Olafsvik,IS,2022-05-21 16:29:54,64.8945,-23.7142,46.08,81,68,18.23
311,Laerdalsoyri,NO,2022-05-21 16:29:54,61.098,7.4816,52.93,99,100,1.25
312,Progreso,MX,2022-05-21 16:29:54,21.2833,-89.6667,92.1,58,66,12.91
313,Machali,CL,2022-05-21 16:29:55,-34.1833,-70.6667,54.68,71,2,0.0
314,Wattegama,LK,2022-05-21 16:29:55,6.7989,81.4808,79.5,72,50,7.47
315,Necochea,AR,2022-05-21 16:29:55,-38.5473,-58.7368,59.77,57,0,11.34
316,Muisne,EC,2022-05-21 16:29:56,0.6,-80.0333,80.73,80,99,4.27
317,Nurota,UZ,2022-05-21 16:29:57,40.5614,65.6886,61.39,70,90,15.95
318,Cuamba,MZ,2022-05-21 16:29:57,-14.8031,36.5372,71.71,59,4,2.98
319,Rancho Palos Verdes,US,2022-05-21 16:29:58,33.7445,-118.387,66.31,81,75,5.01
320,Amahai,ID,2022-05-21 16:29:58,-3.3333,128.9167,78.93,80,69,3.42
321,Nea Stira,GR,2022-05-21 16:29:58,38.1833,24.2,82.29,49,0,4.43
322,Sangar,RU,2022-05-21 16:29:59,63.9242,127.4739,40.26,79,18,3.15
323,Sumoto,JP,2022-05-21 16:29:59,34.35,134.9,64.44,88,93,6.46
324,Bartica,GY,2022-05-21 16:30:00,6.4,-58.6167,79.12,90,74,3.83
325,Slave Lake,CA,2022-05-21 16:31:00,55.2834,-114.769,40.98,75,0,4.61
326,Honiara,SB,2022-05-21 16:31:00,-9.4333,159.95,77.88,84,45,1.36
327,Jinchang,CN,2022-05-21 16:31:00,38.4953,102.1739,69.19,20,41,1.57
328,Butembo,CD,2022-05-21 16:31:00,0.15,29.2833,59.16,98,100,0.16
329,Matagami,CA,2022-05-21 16:31:01,49.7502,-77.6328,48.31,66,100,5.75
330,Gasa,PS,2022-05-21 16:31:01,31.5,34.4667,78.87,73,100,8.66
331,Odweyne,SO,2022-05-21 16:31:01,9.4092,45.064,82.9,42,79,15.7
332,Fenoarivo Atsinanana,MG,2022-05-21 16:31:02,-17.3667,49.4167,72.18,81,39,9.13
333,Abakaliki,NG,2022-05-21 16:31:02,6.3163,8.1169,84.43,66,73,5.97
334,Charters Towers,AU,2022-05-21 16:29:49,-20.1,146.2667,61.93,87,57,10.4
335,Gornopravdinsk,RU,2022-05-21 16:31:02,60.05,69.9,45.7,89,96,10.45
336,Longyearbyen,SJ,2022-05-21 16:31:02,78.2186,15.6401,37.24,70,75,10.36
337,Namatanai,PG,2022-05-21 16:31:03,-3.6667,152.4333,79.81,80,95,7.47
338,Kamenka,RU,2022-05-21 16:31:03,51.3223,42.7678,47.19,58,60,6.33
339,Kyren,RU,2022-05-21 16:31:03,51.6828,102.1408,50.36,81,9,2.24
340,Sabang,ID,2022-05-21 16:31:03,5.8933,95.3214,83.79,78,87,21.52
341,Flinders,AU,2022-05-21 16:31:04,-34.5833,150.8552,57.18,93,100,4.0
342,Nizhnyaya Poyma,RU,2022-05-21 16:31:04,56.1622,97.1933,55.26,58,98,6.31
343,Sesheke,ZM,2022-05-21 16:31:04,-17.4759,24.2968,61.02,29,1,4.56
344,Hambantota,LK,2022-05-21 16:31:04,6.1241,81.1185,80.56,83,76,16.22
345,Melito Di Porto Salvo,IT,2022-05-21 16:31:05,37.9222,15.7714,75.76,53,0,18.41
346,San Carlos De Bariloche,AR,2022-05-21 16:31:09,-41.1456,-71.3082,51.55,58,40,29.93
347,Englewood,US,2022-05-21 16:30:16,39.6478,-104.9878,40.33,84,100,3.44
348,Shingu,JP,2022-05-21 16:31:09,33.7333,135.9833,61.27,89,100,4.09
349,Vila Velha,BR,2022-05-21 16:28:25,-20.3297,-40.2925,76.95,57,20,17.27
350,Padampur,IN,2022-05-21 16:31:09,29.6833,73.6167,95.13,11,9,8.32
351,Chinsali,ZM,2022-05-21 16:31:10,-10.5414,32.0816,69.01,71,98,5.17
352,Muscatine,US,2022-05-21 16:31:10,41.4667,-91.1335,54.36,65,95,9.84
353,Trussville,US,2022-05-21 16:29:03,33.6198,-86.6089,86.95,69,75,11.5
354,Bloemfontein,ZA,2022-05-21 16:31:10,-29.1211,26.214,51.28,71,75,14.97
355,Sivaki,RU,2022-05-21 16:31:10,52.6333,126.75,45.79,60,90,2.24
356,Bonavista,CA,2022-05-21 16:31:11,48.6499,-53.1147,49.48,65,23,8.9
357,Nioaque,BR,2022-05-21 16:31:11,-21.1353,-55.83,78.58,26,8,3.56
358,Mastic Beach,US,2022-05-21 16:31:11,40.7668,-72.8521,87.22,78,0,8.05
359,Kushiro,JP,2022-05-21 16:31:11,42.975,144.3747,49.17,98,100,1.61
360,Batagay-Alyta,RU,2022-05-21 16:31:12,67.8006,130.4114,25.43,94,42,4.09
361,Allanridge,ZA,2022-05-21 16:31:12,-27.7543,26.6438,46.6,95,58,5.68
362,Vestmannaeyjar,IS,2022-05-21 16:31:12,63.4427,-20.2734,54.59,71,0,6.91
363,Yarmouth,US,2022-05-21 16:31:12,41.7057,-70.2286,78.62,94,40,8.01
364,Samarai,PG,2022-05-21 16:31:13,-10.6167,150.6667,80.94,78,43,5.64
365,Partsa,RU,2022-05-21 16:31:13,54.3653,42.8617,43.47,69,82,0.74
366,La Ronge,CA,2022-05-21 16:31:13,55.1001,-105.2842,53.82,25,20,14.97
367,Aasiaat,GL,2022-05-21 16:31:13,68.7098,-52.8699,34.39,81,100,9.66
368,Marzuq,YE,2022-05-21 16:31:14,14.4,46.4667,81.16,27,68,5.79
369,Coria,ES,2022-05-21 16:31:14,39.9879,-6.5377,84.45,22,100,10.63
370,Kavieng,PG,2022-05-21 16:32:14,-2.5744,150.7967,82.27,74,93,12.84
371,Prata,BR,2022-05-21 16:32:14,-19.3072,-48.9242,74.95,27,2,3.71
372,Mount Gambier,AU,2022-05-21 16:32:15,-37.8333,140.7667,45.66,95,11,5.57
373,Port Shepstone,ZA,2022-05-21 16:32:15,-30.7414,30.455,64.69,80,100,13.15
374,Umea,SE,2022-05-21 16:32:05,63.8284,20.2597,60.73,31,0,9.22
375,Port Blair,IN,2022-05-21 16:31:21,11.6667,92.75,84.24,84,75,8.05
376,Ewo,CG,2022-05-21 16:32:15,-0.8725,14.8206,76.08,84,100,5.03
377,Keti Bandar,PK,2022-05-21 16:32:16,24.1447,67.4497,82.36,88,3,24.58
378,Isangel,VU,2022-05-21 16:32:16,-19.55,169.2667,77.94,90,94,17.69
379,Grand Gaube,MU,2022-05-21 16:32:16,-20.0064,57.6608,75.6,78,3,5.99
380,Durazno,UY,2022-05-21 16:32:16,-33.4131,-56.5006,62.02,60,99,7.83
381,Stara Tura,SK,2022-05-21 16:32:17,48.7772,17.6943,71.96,31,0,19.57
382,Ambon,ID,2022-05-21 16:32:17,-3.6954,128.1814,77.14,94,20,2.3
383,Byron Bay,AU,2022-05-21 16:27:59,-28.65,153.6167,60.71,88,100,11.3
384,Mayumba,GA,2022-05-21 16:32:17,-3.432,10.6554,77.02,83,98,8.9
385,Sudak,UA,2022-05-21 16:32:18,44.85,34.9667,56.91,76,36,10.78
386,Alekseyevsk,RU,2022-05-21 16:32:18,57.8406,108.3492,49.73,87,85,3.71
387,Chuy,UY,2022-05-21 16:32:18,-33.6971,-53.4616,62.38,56,95,7.56
388,Arman,RU,2022-05-21 16:32:18,59.7,150.1667,37.02,97,100,1.72
389,Sioux Lookout,CA,2022-05-21 16:29:03,50.1001,-91.917,39.27,52,75,5.75
390,Nyurba,RU,2022-05-21 16:32:19,63.2842,118.3319,47.41,81,96,3.22
391,Usogorsk,RU,2022-05-21 16:32:19,63.4106,48.6872,35.46,71,100,8.66
392,Palmares Do Sul,BR,2022-05-21 16:32:19,-30.2578,-50.5097,63.97,56,2,6.08
393,Yabrud,SY,2022-05-21 16:32:19,33.9674,36.6574,69.93,20,100,6.2
394,Havoysund,NO,2022-05-21 16:32:20,70.9963,24.6622,44.83,82,87,1.74
395,Cap Malheureux,MU,2022-05-21 16:32:20,-19.9842,57.6142,73.47,78,2,5.99
396,Senno,RU,2022-05-21 16:32:20,59.5336,33.9167,50.27,47,64,9.15
397,Dali,CN,2022-05-21 16:32:20,25.7,100.1833,58.19,94,33,2.95
398,Leshukonskoye,RU,2022-05-21 16:32:21,64.8989,45.7622,35.89,63,100,8.12
399,Linhares,BR,2022-05-21 16:29:06,-19.3911,-40.0722,80.85,40,5,4.54
400,Yanam,IN,2022-05-21 16:32:21,16.7333,82.2167,82.27,71,74,0.92
401,Moyeuvre-Grande,FR,2022-05-21 16:32:21,49.2517,6.0475,72.52,68,100,6.24
402,Kropotkin,RU,2022-05-21 16:32:21,45.4375,40.5756,57.78,58,94,18.81
403,Sungaipenuh,ID,2022-05-21 16:32:22,-2.0833,101.3833,65.95,98,95,1.03
404,Terney,RU,2022-05-21 16:32:22,45.0503,136.6092,49.69,98,100,1.16
405,Sisimiut,GL,2022-05-21 16:32:22,66.9395,-53.6735,38.64,65,83,5.77
406,Makasar,ID,2022-05-21 16:32:22,-5.14,119.4221,75.25,100,20,3.44
407,Ancud,CL,2022-05-21 16:32:23,-41.8697,-73.8203,54.03,92,100,24.67
408,Patacamaya,BO,2022-05-21 16:32:23,-17.2333,-67.9167,55.67,17,83,3.62
409,Tainan,TW,2022-05-21 16:32:23,22.9908,120.2133,79.88,78,75,2.3
410,Brownsville,US,2022-05-21 16:31:37,25.9018,-97.4975,91.4,67,20,23.02
411,Khandyga,RU,2022-05-21 16:32:24,62.6667,135.6,38.28,96,99,3.22
412,Ulagan,RU,2022-05-21 16:32:24,50.6321,87.9563,55.6,57,2,1.45
413,Olga,RU,2022-05-21 16:32:07,43.7444,135.2892,49.64,96,100,2.3
414,Poum,NC,2022-05-21 16:32:24,-20.2333,164.0167,77.29,82,42,7.99
415,Nuevo Progreso,MX,2022-05-21 16:32:24,23.1667,-97.95,92.53,53,0,5.99
416,Benguela,AO,2022-05-21 16:33:25,-12.5763,13.4055,73.31,74,28,5.23
417,Ust-Koksa,RU,2022-05-21 16:33:25,50.2696,85.6108,59.0,49,43,2.08
418,Vypolzovo,RU,2022-05-21 16:33:25,57.8767,33.6986,50.14,50,58,8.97
419,Camana,PE,2022-05-21 16:33:25,-16.6228,-72.7111,69.94,72,79,10.78
420,Husavik,IS,2022-05-21 16:33:25,66.0449,-17.3389,46.13,89,100,12.1
421,Clarksdale,US,2022-05-21 16:33:26,34.2001,-90.5709,85.98,66,75,12.66
422,Lazaro Cardenas,MX,2022-05-21 16:28:48,17.9583,-102.2,80.58,68,97,4.88
423,Kasongo-Lunda,CD,2022-05-21 16:33:26,-6.4667,16.8167,78.39,67,95,2.15
424,Darnah,LY,2022-05-21 16:33:26,32.767,22.6367,67.33,65,1,21.05
425,Marti,CU,2022-05-21 16:33:27,22.9475,-80.9203,92.21,50,90,12.64
426,Baykalsk,RU,2022-05-21 16:33:27,51.5058,104.1469,48.65,77,4,11.79
427,Banjarmasin,ID,2022-05-21 16:31:02,-3.3244,114.591,77.14,96,100,2.17
428,Katobu,ID,2022-05-21 16:33:27,-4.9408,122.5276,74.39,94,96,3.76
429,Storm Lake,US,2022-05-21 16:33:27,42.6411,-95.2097,52.36,71,75,9.22
430,Ranong,TH,2022-05-21 16:33:27,9.9658,98.6348,80.29,87,100,12.21
431,Mogadishu,SO,2022-05-21 16:30:59,2.0371,45.3438,80.06,83,100,17.43
432,Divnogorsk,RU,2022-05-21 16:32:08,55.9594,92.3619,63.09,54,99,2.75
433,Dhuburi,IN,2022-05-21 16:33:28,26.0333,89.9667,74.21,93,2,5.41
434,Saint-Leu,RE,2022-05-21 16:33:28,-21.15,55.2833,74.26,77,42,3.67
435,Bezenchuk,RU,2022-05-21 16:33:10,52.982,49.4333,43.36,74,87,5.93
436,Maniitsoq,GL,2022-05-21 16:33:28,65.4167,-52.9,37.74,73,97,11.21
437,Ha Giang,VN,2022-05-21 16:33:29,22.8333,104.9833,71.19,100,100,1.07
438,Ormara,PK,2022-05-21 16:33:29,25.2088,64.6357,81.95,91,2,18.45
439,Campbell River,CA,2022-05-21 16:33:29,50.0163,-125.2446,57.58,54,0,10.36
440,Naze,JP,2022-05-21 16:33:29,28.3667,129.4833,67.12,83,70,10.13
441,Padang,ID,2022-05-21 16:33:30,-0.9492,100.3543,78.44,88,88,3.0
442,Luwuk,ID,2022-05-21 16:33:30,-0.9516,122.7875,76.24,79,100,3.58
443,Ludvika,SE,2022-05-21 16:33:30,60.1496,15.1878,56.34,45,100,6.02
444,Phangnga,TH,2022-05-21 16:33:30,8.4509,98.5298,84.24,91,100,3.02
445,Panama City,PA,2022-05-21 16:30:51,8.9936,-79.5197,88.18,73,20,8.05
446,Aksu,CN,2022-05-21 16:33:31,41.1231,80.2644,77.07,26,100,12.64
447,Mount Isa,AU,2022-05-21 16:31:11,-20.7333,139.5,65.97,59,86,5.75
448,Mana,GF,2022-05-21 16:33:31,5.6592,-53.7767,80.35,81,99,11.18
449,Mitchell,US,2022-05-21 16:32:07,43.7094,-98.0298,45.73,66,100,11.5
450,Takoradi,GH,2022-05-21 16:33:31,4.8845,-1.7554,77.99,87,100,13.73
451,Mulatupo,PA,2022-05-21 16:33:31,8.9492,-77.7652,82.4,79,100,1.45
452,Ahuimanu,US,2022-05-21 16:33:32,21.4447,-157.8378,75.16,92,75,3.44
453,Avera,US,2022-05-21 16:33:32,33.194,-82.5271,87.55,43,32,6.26
454,Sibolga,ID,2022-05-21 16:33:32,1.7427,98.7792,77.14,89,80,2.75
455,Inta,RU,2022-05-21 16:33:32,66.0317,60.1659,38.05,64,100,13.65
456,Shitanjing,CN,2022-05-21 16:33:33,39.2342,106.3439,62.02,61,51,12.44
457,Jutai,BR,2022-05-21 16:33:33,-5.1833,-68.9,87.69,51,31,1.68
458,Beringovskiy,RU,2022-05-21 16:33:33,63.05,179.3167,32.94,96,93,7.58
459,Qaqortoq,GL,2022-05-21 16:29:09,60.7167,-46.0333,40.24,73,15,7.38
460,Dunedin,NZ,2022-05-21 16:29:57,-45.8742,170.5036,46.8,73,96,11.01
461,Saint-Louis,SN,2022-05-21 16:33:33,16.3333,-15.0,105.44,10,4,14.41
462,Lagoa,PT,2022-05-21 16:34:34,39.05,-27.9833,64.04,92,74,1.03
463,Victor Harbor,AU,2022-05-21 16:34:34,-35.5667,138.6167,53.67,85,21,7.2
464,Inirida,CO,2022-05-21 16:34:34,3.8653,-67.9239,80.4,79,98,2.98
465,Nizhniy Kuranakh,RU,2022-05-21 16:34:34,58.8353,125.4869,32.81,95,26,4.36
466,Moncton,CA,2022-05-21 16:34:19,46.1159,-64.8019,68.49,56,75,17.27
467,Gorontalo,ID,2022-05-21 16:34:35,0.5412,123.0595,75.88,95,100,1.03
468,Inverell,AU,2022-05-21 16:34:35,-29.7833,151.1167,58.66,92,98,4.0
469,Lerwick,GB,2022-05-21 16:34:35,60.1545,-1.1494,51.8,75,73,14.34
470,Komsomolskiy,UZ,2022-05-21 16:34:35,40.4272,71.7189,77.72,38,75,16.11
471,Cowra,AU,2022-05-21 16:34:36,-33.8333,148.6833,49.78,92,100,6.96
472,Barmer,IN,2022-05-21 16:34:36,25.75,71.3833,91.18,42,0,28.01
473,Macon,US,2022-05-21 16:34:36,39.8667,-88.9668,59.05,82,100,11.5
474,Te Anau,NZ,2022-05-21 16:33:26,-45.4167,167.7167,44.6,93,98,4.81
475,Raga,SS,2022-05-21 16:34:37,8.4596,25.678,78.91,65,100,9.37
476,Concepcion,CL,2022-05-21 16:34:37,-36.827,-73.0498,57.0,72,0,4.61
477,Cooma,AU,2022-05-21 16:34:37,-36.2333,149.1333,33.57,100,100,6.91
478,Taltal,CL,2022-05-21 16:34:37,-25.4,-70.4833,65.68,68,31,7.52
479,Hay River,CA,2022-05-21 16:34:38,60.8156,-115.7999,49.98,46,75,3.44
480,Hami,CN,2022-05-21 16:34:38,42.8,93.45,80.33,18,7,16.44
481,Kendal,GB,2022-05-21 16:34:38,54.3268,-2.7476,59.59,77,73,9.17
482,Concepcion Del Uruguay,AR,2022-05-21 16:34:38,-32.4825,-58.2372,64.26,73,100,5.37
483,Gemena,CD,2022-05-21 16:34:39,3.25,19.7667,77.41,73,100,2.8
484,Hvide Sande,DK,2022-05-21 16:34:39,56.0045,8.1294,56.08,91,53,14.88
485,Dumas,US,2022-05-21 16:34:39,35.8656,-101.9732,52.61,53,40,23.02
486,Sedhiou,SN,2022-05-21 16:34:39,12.7081,-15.5569,101.53,18,86,7.74
487,Zhengjiatun,CN,2022-05-21 16:34:40,43.5064,123.5064,63.82,39,36,12.86
488,Kutum,SD,2022-05-21 16:34:40,14.2,24.6667,87.08,11,100,10.22
489,Faanui,PF,2022-05-21 16:34:40,-16.4833,-151.75,79.65,74,18,10.29
490,Wangaratta,AU,2022-05-21 16:34:40,-36.3667,146.3333,35.65,100,42,5.75
491,Balagansk,RU,2022-05-21 16:34:41,54.0103,103.0544,53.62,77,68,2.06
492,Ibra,OM,2022-05-21 16:34:41,22.6906,58.5334,93.47,21,4,8.55
493,Kuminskiy,RU,2022-05-21 16:34:41,58.6667,66.5667,45.93,95,100,11.83
494,Linkuva,LT,2022-05-21 16:34:41,56.0856,23.9725,54.27,92,100,5.84
495,Coos Bay,US,2022-05-21 16:32:03,43.3665,-124.2179,56.23,92,0,3.44
496,Loksa,EE,2022-05-21 16:34:42,59.5764,25.7214,48.11,57,100,19.51
497,Fez,MA,2022-05-21 16:30:18,34.0372,-4.9998,93.45,33,40,13.8
498,Bereda,ES,2022-05-21 16:34:42,43.2686,-7.5406,80.42,44,100,3.33
499,Blanquefort,FR,2022-05-21 16:34:42,44.9125,-0.6366,90.3,45,0,3.44
500,Campbellsville,US,2022-05-21 16:34:42,37.3434,-85.3419,86.14,48,7,5.99
501,Mangrol,IN,2022-05-21 16:34:43,21.1167,70.1167,83.43,78,41,19.35
502,Kholmogory,RU,2022-05-21 16:34:43,64.2229,41.656,41.34,45,70,8.7
503,Tessalit,ML,2022-05-21 16:34:43,20.1986,1.0114,100.4,11,85,11.18
504,Christchurch,NZ,2022-05-21 16:32:47,-43.5333,172.6333,39.94,84,54,5.75
505,Puerto El Triunfo,SV,2022-05-21 16:34:43,13.2833,-88.55,83.32,91,100,6.33
506,Ostrovnoy,RU,2022-05-21 16:34:44,68.0531,39.5131,32.23,66,15,10.07
507,Petropavlovsk-Kamchatskiy,RU,2022-05-21 16:34:44,53.0452,158.6483,37.99,100,100,2.24
508,Maragogi,BR,2022-05-21 16:35:44,-9.0122,-35.2225,79.25,84,98,9.08
509,Mexico,PH,2022-05-21 16:34:43,15.0646,120.7198,82.11,83,81,2.62
510,Aras,ES,2022-05-21 16:35:44,42.5617,-2.356,86.43,23,0,9.22
511,Menongue,AO,2022-05-21 16:35:45,-14.6585,17.691,63.1,40,56,3.49
512,Batagay,RU,2022-05-21 16:35:45,67.6333,134.6333,38.32,74,81,2.77
513,Coahuayana,MX,2022-05-21 16:35:45,18.7333,-103.6833,88.25,50,6,7.18
514,Dabola,GN,2022-05-21 16:35:45,10.75,-11.1167,75.87,88,98,4.83
515,Jumla,NP,2022-05-21 16:31:01,29.2747,82.1838,52.84,83,97,4.41
516,Coihaique,CL,2022-05-21 16:32:25,-45.5752,-72.0662,40.95,87,100,10.36
517,Exeter,GB,2022-05-21 16:35:46,50.7236,-3.5275,65.95,63,20,3.44
518,Am Timan,TD,2022-05-21 16:35:46,11.0297,20.2827,90.88,33,96,2.51
519,Winnemucca,US,2022-05-21 16:35:34,40.973,-117.7357,55.45,24,0,9.22
520,Port-Cartier,CA,2022-05-21 16:34:32,50.0334,-66.8654,46.62,95,100,5.99
521,Tucuman,AR,2022-05-21 16:35:00,-26.8241,-65.2226,69.8,40,0,9.22
522,Llanes,ES,2022-05-21 16:35:46,43.4198,-4.7549,69.93,83,100,2.08
523,Mahajanga,MG,2022-05-21 16:35:46,-15.7167,46.3167,78.82,57,20,4.61
524,Derby,GB,2022-05-21 16:35:47,52.9228,-1.4766,66.97,48,40,9.22
525,Sedalia,US,2022-05-21 16:35:47,38.7045,-93.2283,56.75,87,100,9.22
526,Tebingtinggi,ID,2022-05-21 16:35:47,3.3285,99.1625,76.15,93,47,2.33
527,Uralets,RU,2022-05-21 16:35:47,57.6614,59.6497,34.38,98,100,10.58
528,Edd,ER,2022-05-21 16:35:48,13.9297,41.6925,87.3,62,62,5.1
529,Coolum Beach,AU,2022-05-21 16:35:48,-26.5333,153.1,65.1,99,100,6.22
530,Traiguen,CL,2022-05-21 16:31:11,-38.25,-72.6833,56.05,66,76,5.1
531,Rio Gallegos,AR,2022-05-21 16:35:50,-51.6226,-69.2181,44.82,51,2,11.88
532,Mercedes,AR,2022-05-21 16:35:50,-34.6515,-59.4307,70.79,29,0,5.77
533,Camacha,PT,2022-05-21 16:35:50,33.0833,-16.3333,67.42,64,20,13.8
534,Mildura,AU,2022-05-21 16:32:18,-34.2,142.15,52.07,85,90,10.18
535,Gerash,IR,2022-05-21 16:35:51,27.6652,54.1371,93.34,11,0,7.38
536,Pontes E Lacerda,BR,2022-05-21 16:35:51,-15.2261,-59.3353,84.27,28,97,3.85
537,Beloha,MG,2022-05-21 16:35:51,-25.1667,45.05,70.52,57,63,7.58
538,Poronaysk,RU,2022-05-21 16:35:51,49.2167,143.1167,38.73,98,100,6.67
539,Dalian,CN,2022-05-21 16:35:52,38.9122,121.6022,66.61,77,38,6.71
540,San Quintin,MX,2022-05-21 16:35:52,30.4833,-115.95,63.46,60,40,8.41
541,Pundaguitan,PH,2022-05-21 16:35:52,6.3711,126.1689,82.44,76,100,5.21
542,Macapa,BR,2022-05-21 16:33:26,0.0389,-51.0664,85.98,70,75,5.75
